<?xml version="1.0" encoding="UTF-8"?>
<project-private xmlns="http://www.netbeans.org/ns/project-private/1">
    <editor-bookmarks xmlns="http://www.netbeans.org/ns/editor-bookmarks/2" lastBookmarkId="0"/>
    <open-files xmlns="http://www.netbeans.org/ns/projectui-open-files/2">
        <group>
            <file>file:/C:/Users/Jessica/Documents/SURA-BOT-master/SURA-BOT-master/botSura/src/vista/ventana2.java</file>
            <file>file:/C:/Users/Jessica/Documents/SURA-BOT-master/SURA-BOT-master/botSura/src/vista/ventana3.java</file>
            <file>file:/C:/Users/Jessica/Documents/SURA-BOT-master/SURA-BOT-master/botSura/src/vista/inicio.java</file>
            <file>file:/C:/Users/Jessica/Documents/SURA-BOT-master/SURA-BOT-master/botSura/src/vista/ventana1.java</file>
            <file>file:/C:/Users/Jessica/Documents/SURA-BOT-master/SURA-BOT-master/botSura/src/botsura/BotSura.java</file>
        </group>
    </open-files>
</project-private>
